id,comment_text,user_id,photo_id,created_at
1,"unde at dolorem",2,1,"2023-07-03 20:13:47"
2,"quae ea ducimus",3,1,"2023-07-03 20:13:47"
3,"alias a voluptatum",5,1,"2023-07-03 20:13:47"
4,"facere suscipit sunt",14,1,"2023-07-03 20:13:47"
5,"totam eligendi quaerat",17,1,"2023-07-03 20:13:47"
6,"vitae quia aliquam",21,1,"2023-07-03 20:13:47"
7,"exercitationem occaecati neque",24,1,"2023-07-03 20:13:47"
8,"sint ad fugiat",31,1,"2023-07-03 20:13:47"
9,"nesciunt aut nesciunt",36,1,"2023-07-03 20:13:47"
10,"laudantium ut nostrum",41,1,"2023-07-03 20:13:47"
11,"omnis aut asperiores",52,1,"2023-07-03 20:13:47"
12,"et eum molestias",54,1,"2023-07-03 20:13:47"
13,"alias pariatur neque",55,1,"2023-07-03 20:13:47"
14,"amet iure adipisci",57,1,"2023-07-03 20:13:47"
15,"cum enim repellat",62,1,"2023-07-03 20:13:47"
16,"provident dolorem non",63,1,"2023-07-03 20:13:47"
17,"eos consequuntur impedit",66,1,"2023-07-03 20:13:47"
18,"voluptas nemo blanditiis",71,1,"2023-07-03 20:13:47"
19,"id fugit dolores",72,1,"2023-07-03 20:13:47"
20,"occaecati tenetur exercitationem",75,1,"2023-07-03 20:13:47"
21,"quasi deserunt voluptates",76,1,"2023-07-03 20:13:47"
22,"reprehenderit sunt cumque",78,1,"2023-07-03 20:13:47"
23,"non impedit ut",87,1,"2023-07-03 20:13:47"
24,"voluptatum sit id",91,1,"2023-07-03 20:13:47"
25,"tenetur voluptas aspernatur",98,1,"2023-07-03 20:13:47"
26,"in veritatis quia",3,2,"2023-07-03 20:13:47"
27,"quis facilis ea",5,2,"2023-07-03 20:13:47"
28,"quia est sit",14,2,"2023-07-03 20:13:47"
29,"voluptatem doloremque accusamus",15,2,"2023-07-03 20:13:47"
30,"consectetur inventore quis",18,2,"2023-07-03 20:13:47"
31,"sunt dolorem reprehenderit",19,2,"2023-07-03 20:13:47"
32,"omnis omnis nulla",21,2,"2023-07-03 20:13:47"
33,"ullam in facilis",24,2,"2023-07-03 20:13:47"
34,"possimus consequuntur occaecati",28,2,"2023-07-03 20:13:47"
35,"voluptas dicta aut",30,2,"2023-07-03 20:13:47"
36,"explicabo qui ipsum",31,2,"2023-07-03 20:13:47"
37,"qui pariatur dolor",35,2,"2023-07-03 20:13:47"
38,"ratione debitis laborum",36,2,"2023-07-03 20:13:47"
39,"voluptate id dignissimos",41,2,"2023-07-03 20:13:47"
40,"tempore quod possimus",42,2,"2023-07-03 20:13:47"
41,"corporis ut necessitatibus",43,2,"2023-07-03 20:13:47"
42,"culpa aut aut",47,2,"2023-07-03 20:13:47"
43,"rem quia et",48,2,"2023-07-03 20:13:47"
44,"eaque dolor velit",54,2,"2023-07-03 20:13:47"
45,"non odit rerum",57,2,"2023-07-03 20:13:47"
46,"accusamus nobis quod",60,2,"2023-07-03 20:13:47"
47,"beatae dicta recusandae",65,2,"2023-07-03 20:13:47"
48,"culpa a ut",66,2,"2023-07-03 20:13:47"
49,"quis aliquam velit",71,2,"2023-07-03 20:13:47"
50,"aspernatur occaecati tempore",75,2,"2023-07-03 20:13:47"
51,"vel eos et",76,2,"2023-07-03 20:13:47"
52,"quam fugiat tempore",82,2,"2023-07-03 20:13:47"
53,"dolor alias aut",85,2,"2023-07-03 20:13:47"
54,"ut in eaque",87,2,"2023-07-03 20:13:47"
55,"totam nostrum dicta",91,2,"2023-07-03 20:13:47"
56,"in saepe sit",95,2,"2023-07-03 20:13:47"
57,"necessitatibus ipsam et",5,3,"2023-07-03 20:13:47"
58,"non reiciendis nam",14,3,"2023-07-03 20:13:47"
59,"modi magnam quia",15,3,"2023-07-03 20:13:47"
60,"architecto tempora natus",21,3,"2023-07-03 20:13:47"
61,"molestiae iure ullam",24,3,"2023-07-03 20:13:47"
62,"adipisci aut dicta",27,3,"2023-07-03 20:13:47"
63,"quia dolores voluptatem",35,3,"2023-07-03 20:13:47"
64,"incidunt suscipit et",36,3,"2023-07-03 20:13:47"
65,"rerum vel ut",37,3,"2023-07-03 20:13:47"
66,"aperiam delectus odio",38,3,"2023-07-03 20:13:47"
67,"dicta inventore ea",41,3,"2023-07-03 20:13:47"
68,"quos est quia",43,3,"2023-07-03 20:13:47"
69,"minima est odio",44,3,"2023-07-03 20:13:47"
70,"libero odit aut",50,3,"2023-07-03 20:13:47"
71,"quia et quod",54,3,"2023-07-03 20:13:47"
72,"nobis pariatur qui",57,3,"2023-07-03 20:13:47"
73,"nostrum fugiat et",62,3,"2023-07-03 20:13:47"
74,"iusto et eius",63,3,"2023-07-03 20:13:47"
75,"et placeat ipsam",66,3,"2023-07-03 20:13:47"
76,"placeat repudiandae sit",67,3,"2023-07-03 20:13:47"
77,"natus sit harum",70,3,"2023-07-03 20:13:47"
78,"consectetur qui at",71,3,"2023-07-03 20:13:47"
79,"reiciendis reiciendis ad",75,3,"2023-07-03 20:13:47"
80,"dolores accusantium sint",76,3,"2023-07-03 20:13:47"
81,"cum adipisci alias",79,3,"2023-07-03 20:13:47"
82,"facere dicta est",91,3,"2023-07-03 20:13:47"
83,"temporibus qui error",97,3,"2023-07-03 20:13:47"
84,"aut rem officia",5,4,"2023-07-03 20:13:47"
85,"rerum ea harum",6,4,"2023-07-03 20:13:47"
86,"laboriosam eos a",8,4,"2023-07-03 20:13:47"
87,"laboriosam aut occaecati",11,4,"2023-07-03 20:13:47"
88,"alias sapiente dolore",14,4,"2023-07-03 20:13:47"
89,"aut voluptatem distinctio",15,4,"2023-07-03 20:13:47"
90,"error voluptatum eius",18,4,"2023-07-03 20:13:47"
91,"magni magni aspernatur",20,4,"2023-07-03 20:13:47"
92,"laboriosam quidem numquam",21,4,"2023-07-03 20:13:47"
93,"ut possimus distinctio",22,4,"2023-07-03 20:13:47"
94,"molestiae veritatis aut",24,4,"2023-07-03 20:13:47"
95,"vitae iusto labore",26,4,"2023-07-03 20:13:47"
96,"id assumenda excepturi",33,4,"2023-07-03 20:13:47"
97,"animi ea distinctio",36,4,"2023-07-03 20:13:47"
98,"eaque sint veritatis",41,4,"2023-07-03 20:13:47"
99,"expedita exercitationem officiis",42,4,"2023-07-03 20:13:47"
100,"cupiditate qui facere",47,4,"2023-07-03 20:13:47"
101,"est ut quisquam",50,4,"2023-07-03 20:13:47"
102,"provident et vel",54,4,"2023-07-03 20:13:47"
103,"similique autem quia",57,4,"2023-07-03 20:13:47"
104,"dolorum exercitationem tempora",66,4,"2023-07-03 20:13:47"
105,"incidunt aut perspiciatis",67,4,"2023-07-03 20:13:47"
106,"occaecati assumenda voluptas",71,4,"2023-07-03 20:13:47"
107,"vel ipsam ut",75,4,"2023-07-03 20:13:47"
108,"ea autem assumenda",76,4,"2023-07-03 20:13:47"
109,"quia facilis non",79,4,"2023-07-03 20:13:47"
110,"perspiciatis et sit",85,4,"2023-07-03 20:13:47"
111,"voluptatem possimus ea",91,4,"2023-07-03 20:13:47"
112,"molestiae perferendis quaerat",95,4,"2023-07-03 20:13:47"
113,"error consectetur dolor",97,4,"2023-07-03 20:13:47"
114,"molestiae quia pariatur",98,4,"2023-07-03 20:13:47"
115,"quia omnis ab",100,4,"2023-07-03 20:13:47"
116,"doloremque sit totam",5,5,"2023-07-03 20:13:47"
117,"aliquid at eum",14,5,"2023-07-03 20:13:47"
118,"at est ipsam",17,5,"2023-07-03 20:13:47"
119,"optio quidem dolor",21,5,"2023-07-03 20:13:47"
120,"dolores voluptates sit",22,5,"2023-07-03 20:13:47"
121,"molestiae hic est",24,5,"2023-07-03 20:13:47"
122,"possimus quia adipisci",26,5,"2023-07-03 20:13:47"
123,"nostrum modi minima",28,5,"2023-07-03 20:13:47"
124,"aperiam sint aut",36,5,"2023-07-03 20:13:47"
125,"iusto tempora at",41,5,"2023-07-03 20:13:47"
126,"quae et ratione",42,5,"2023-07-03 20:13:47"
127,"consequatur magnam ut",44,5,"2023-07-03 20:13:47"
128,"perspiciatis dolorum ad",48,5,"2023-07-03 20:13:47"
129,"ipsa excepturi neque",54,5,"2023-07-03 20:13:47"
130,"explicabo nulla sed",57,5,"2023-07-03 20:13:47"
131,"nihil voluptas eligendi",60,5,"2023-07-03 20:13:47"
132,"porro doloribus corporis",66,5,"2023-07-03 20:13:47"
133,"libero ut eveniet",71,5,"2023-07-03 20:13:47"
134,"enim ut et",72,5,"2023-07-03 20:13:47"
135,"non cumque aliquam",75,5,"2023-07-03 20:13:47"
136,"rerum amet assumenda",76,5,"2023-07-03 20:13:47"
137,"omnis nihil eligendi",79,5,"2023-07-03 20:13:47"
138,"officiis nulla beatae",84,5,"2023-07-03 20:13:47"
139,"vitae qui voluptates",91,5,"2023-07-03 20:13:47"
140,"ut non ipsam",94,5,"2023-07-03 20:13:47"
141,"nostrum nam et",95,5,"2023-07-03 20:13:47"
142,"rerum repellendus voluptas",97,5,"2023-07-03 20:13:47"
143,"modi ut unde",5,6,"2023-07-03 20:13:47"
144,"illum rem dignissimos",6,6,"2023-07-03 20:13:47"
145,"vero quis aliquam",11,6,"2023-07-03 20:13:47"
146,"ipsam numquam iure",14,6,"2023-07-03 20:13:47"
147,"atque porro cum",19,6,"2023-07-03 20:13:47"
148,"delectus delectus qui",21,6,"2023-07-03 20:13:47"
149,"quisquam itaque quisquam",24,6,"2023-07-03 20:13:47"
150,"voluptatem error repellendus",26,6,"2023-07-03 20:13:47"
151,"provident facilis esse",36,6,"2023-07-03 20:13:47"
152,"sed quia iure",41,6,"2023-07-03 20:13:47"
153,"incidunt ipsum voluptatem",46,6,"2023-07-03 20:13:47"
154,"eveniet reprehenderit repellendus",47,6,"2023-07-03 20:13:47"
155,"quo veritatis error",52,6,"2023-07-03 20:13:47"
156,"vel quasi vel",54,6,"2023-07-03 20:13:47"
157,"ullam ullam nam",57,6,"2023-07-03 20:13:47"
158,"rerum deserunt nisi",61,6,"2023-07-03 20:13:47"
159,"voluptatem id molestiae",62,6,"2023-07-03 20:13:47"
160,"consequuntur accusamus eligendi",66,6,"2023-07-03 20:13:47"
161,"velit fuga voluptates",71,6,"2023-07-03 20:13:47"
162,"consequatur provident ratione",73,6,"2023-07-03 20:13:47"
163,"impedit explicabo veniam",75,6,"2023-07-03 20:13:47"
164,"magnam tempora voluptas",76,6,"2023-07-03 20:13:47"
165,"aliquam ut architecto",78,6,"2023-07-03 20:13:47"
166,"qui error ut",84,6,"2023-07-03 20:13:47"
167,"consectetur quia perferendis",91,6,"2023-07-03 20:13:47"
168,"autem atque nam",93,6,"2023-07-03 20:13:47"
169,"nulla laboriosam deserunt",97,6,"2023-07-03 20:13:47"
170,"qui deleniti incidunt",99,6,"2023-07-03 20:13:47"
171,"sed voluptas esse",100,6,"2023-07-03 20:13:47"
172,"ea nam laudantium",5,7,"2023-07-03 20:13:47"
173,"veritatis aliquam occaecati",9,7,"2023-07-03 20:13:47"
174,"vel quo voluptatem",10,7,"2023-07-03 20:13:47"
175,"ut ut quisquam",11,7,"2023-07-03 20:13:47"
176,"repellat quod odio",14,7,"2023-07-03 20:13:47"
177,"porro magnam perspiciatis",19,7,"2023-07-03 20:13:47"
178,"quo ex quis",21,7,"2023-07-03 20:13:47"
179,"sunt deleniti delectus",24,7,"2023-07-03 20:13:47"
180,"dignissimos facilis consequatur",27,7,"2023-07-03 20:13:47"
181,"est repellat dolore",33,7,"2023-07-03 20:13:47"
182,"impedit quia enim",36,7,"2023-07-03 20:13:47"
183,"porro pariatur omnis",40,7,"2023-07-03 20:13:47"
184,"alias dolore sed",41,7,"2023-07-03 20:13:47"
185,"asperiores ipsum ipsam",42,7,"2023-07-03 20:13:47"
186,"quos ut deserunt",54,7,"2023-07-03 20:13:47"
187,"assumenda dolorem similique",56,7,"2023-07-03 20:13:47"
188,"rem voluptas laboriosam",57,7,"2023-07-03 20:13:47"
189,"similique quisquam similique",63,7,"2023-07-03 20:13:47"
190,"dolorem tempore iusto",66,7,"2023-07-03 20:13:47"
191,"natus minima veritatis",70,7,"2023-07-03 20:13:47"
192,"repellat ut est",71,7,"2023-07-03 20:13:47"
193,"excepturi consequatur qui",75,7,"2023-07-03 20:13:47"
194,"sapiente adipisci aliquam",76,7,"2023-07-03 20:13:47"
195,"et quidem iusto",87,7,"2023-07-03 20:13:47"
196,"recusandae quos laudantium",91,7,"2023-07-03 20:13:47"
197,"fugiat ipsa molestiae",92,7,"2023-07-03 20:13:47"
198,"doloribus porro neque",97,7,"2023-07-03 20:13:47"
199,"debitis id ullam",2,8,"2023-07-03 20:13:47"
200,"ad exercitationem qui",5,8,"2023-07-03 20:13:47"
201,"tenetur ab quia",8,8,"2023-07-03 20:13:47"
202,"dolores dolor voluptates",14,8,"2023-07-03 20:13:47"
203,"ad soluta eveniet",17,8,"2023-07-03 20:13:47"
204,"eum dicta temporibus",19,8,"2023-07-03 20:13:47"
205,"iusto quibusdam quo",21,8,"2023-07-03 20:13:47"
206,"laboriosam illum nobis",24,8,"2023-07-03 20:13:47"
207,"ad consequatur id",27,8,"2023-07-03 20:13:47"
208,"dolorem non explicabo",30,8,"2023-07-03 20:13:47"
209,"magni nobis voluptas",32,8,"2023-07-03 20:13:47"
210,"occaecati quia recusandae",33,8,"2023-07-03 20:13:47"
211,"eaque dolore quaerat",36,8,"2023-07-03 20:13:47"
212,"eum voluptatem non",37,8,"2023-07-03 20:13:47"
213,"sequi veritatis sint",39,8,"2023-07-03 20:13:47"
214,"fugiat ipsam rerum",41,8,"2023-07-03 20:13:47"
215,"iure est error",43,8,"2023-07-03 20:13:47"
216,"dolores ab cum",44,8,"2023-07-03 20:13:47"
217,"rem occaecati autem",46,8,"2023-07-03 20:13:47"
218,"magni ea temporibus",52,8,"2023-07-03 20:13:47"
219,"voluptas neque possimus",54,8,"2023-07-03 20:13:47"
220,"ut quia ipsam",56,8,"2023-07-03 20:13:47"
221,"non dolor reiciendis",57,8,"2023-07-03 20:13:47"
222,"ex nesciunt ex",63,8,"2023-07-03 20:13:47"
223,"animi earum explicabo",66,8,"2023-07-03 20:13:47"
224,"est numquam repellendus",71,8,"2023-07-03 20:13:47"
225,"ullam ut porro",72,8,"2023-07-03 20:13:47"
226,"ea fuga occaecati",73,8,"2023-07-03 20:13:47"
227,"laboriosam ratione excepturi",75,8,"2023-07-03 20:13:47"
228,"voluptatem in ut",76,8,"2023-07-03 20:13:47"
229,"sequi nobis placeat",82,8,"2023-07-03 20:13:47"
230,"voluptate labore sunt",84,8,"2023-07-03 20:13:47"
231,"quos modi est",85,8,"2023-07-03 20:13:47"
232,"veritatis odit sit",91,8,"2023-07-03 20:13:47"
233,"nostrum omnis maxime",93,8,"2023-07-03 20:13:47"
234,"est modi exercitationem",94,8,"2023-07-03 20:13:47"
235,"ullam totam quia",96,8,"2023-07-03 20:13:47"
236,"impedit enim quis",100,8,"2023-07-03 20:13:47"
237,"earum et dolorem",2,9,"2023-07-03 20:13:47"
238,"et qui dolorem",3,9,"2023-07-03 20:13:47"
239,"iure eveniet laboriosam",5,9,"2023-07-03 20:13:47"
240,"vel dicta voluptate",14,9,"2023-07-03 20:13:47"
241,"ut illum optio",19,9,"2023-07-03 20:13:47"
242,"rerum doloribus voluptas",21,9,"2023-07-03 20:13:47"
243,"quia nobis rerum",24,9,"2023-07-03 20:13:47"
244,"tempore nihil qui",26,9,"2023-07-03 20:13:47"
245,"neque ipsam nemo",36,9,"2023-07-03 20:13:47"
246,"a deserunt suscipit",40,9,"2023-07-03 20:13:47"
247,"accusantium aliquid perspiciatis",41,9,"2023-07-03 20:13:47"
248,"odio aut non",50,9,"2023-07-03 20:13:47"
249,"blanditiis qui reiciendis",54,9,"2023-07-03 20:13:47"
250,"voluptatibus sit iure",57,9,"2023-07-03 20:13:47"
251,"minus quos eum",61,9,"2023-07-03 20:13:47"
252,"ipsam dolor amet",65,9,"2023-07-03 20:13:47"
253,"ullam voluptas dolorem",66,9,"2023-07-03 20:13:47"
254,"esse esse porro",69,9,"2023-07-03 20:13:47"
255,"et velit et",71,9,"2023-07-03 20:13:47"
256,"voluptatem ut quasi",75,9,"2023-07-03 20:13:47"
257,"et facere soluta",76,9,"2023-07-03 20:13:47"
258,"similique facere maiores",85,9,"2023-07-03 20:13:47"
259,"officia ut voluptatem",91,9,"2023-07-03 20:13:47"
260,"debitis nisi doloremque",95,9,"2023-07-03 20:13:47"
261,"et non odio",98,9,"2023-07-03 20:13:47"
262,"iure veniam corporis",2,10,"2023-07-03 20:13:47"
263,"explicabo qui sit",5,10,"2023-07-03 20:13:47"
264,"quis autem qui",9,10,"2023-07-03 20:13:47"
265,"pariatur maxime voluptatem",12,10,"2023-07-03 20:13:47"
266,"voluptatem rerum vel",14,10,"2023-07-03 20:13:47"
267,"magnam ut dolore",21,10,"2023-07-03 20:13:47"
268,"soluta ipsum iusto",24,10,"2023-07-03 20:13:47"
269,"nihil eligendi quia",26,10,"2023-07-03 20:13:47"
270,"commodi aspernatur tempora",36,10,"2023-07-03 20:13:47"
271,"sint et aliquid",38,10,"2023-07-03 20:13:47"
272,"dolor quisquam ut",41,10,"2023-07-03 20:13:47"
273,"doloribus aut ut",46,10,"2023-07-03 20:13:47"
274,"excepturi et quaerat",54,10,"2023-07-03 20:13:47"
275,"soluta voluptate iste",57,10,"2023-07-03 20:13:47"
276,"veniam nihil saepe",66,10,"2023-07-03 20:13:47"
277,"et illo ratione",67,10,"2023-07-03 20:13:47"
278,"minus qui nobis",71,10,"2023-07-03 20:13:47"
279,"hic repudiandae voluptates",73,10,"2023-07-03 20:13:47"
280,"pariatur eaque ratione",75,10,"2023-07-03 20:13:47"
281,"qui eveniet aliquam",76,10,"2023-07-03 20:13:47"
282,"corporis explicabo temporibus",84,10,"2023-07-03 20:13:47"
283,"illo tempora sunt",87,10,"2023-07-03 20:13:47"
284,"est iure sed",91,10,"2023-07-03 20:13:47"
285,"iusto aliquid ut",100,10,"2023-07-03 20:13:47"
286,"consectetur iste ex",3,11,"2023-07-03 20:13:47"
287,"rerum et omnis",5,11,"2023-07-03 20:13:47"
288,"doloribus cupiditate eos",14,11,"2023-07-03 20:13:47"
289,"sequi corrupti beatae",20,11,"2023-07-03 20:13:47"
290,"ipsum suscipit blanditiis",21,11,"2023-07-03 20:13:47"
291,"placeat est dolore",24,11,"2023-07-03 20:13:47"
292,"quae perspiciatis in",27,11,"2023-07-03 20:13:47"
293,"voluptatibus aut ut",31,11,"2023-07-03 20:13:47"
294,"ut voluptatem minus",36,11,"2023-07-03 20:13:47"
295,"repellat dolorum alias",38,11,"2023-07-03 20:13:47"
296,"modi suscipit voluptatum",41,11,"2023-07-03 20:13:47"
297,"neque excepturi veritatis",50,11,"2023-07-03 20:13:47"
298,"vel ut iste",52,11,"2023-07-03 20:13:47"
299,"voluptatum culpa vero",54,11,"2023-07-03 20:13:47"
300,"corporis eius neque",55,11,"2023-07-03 20:13:47"
301,"corporis et aliquid",57,11,"2023-07-03 20:13:47"
302,"molestiae cumque culpa",66,11,"2023-07-03 20:13:47"
303,"molestiae dolor exercitationem",71,11,"2023-07-03 20:13:47"
304,"ut quia voluptate",73,11,"2023-07-03 20:13:47"
305,"illo dolor qui",75,11,"2023-07-03 20:13:47"
306,"eos consectetur reiciendis",76,11,"2023-07-03 20:13:47"
307,"quia et inventore",78,11,"2023-07-03 20:13:47"
308,"cumque quibusdam veniam",82,11,"2023-07-03 20:13:47"
309,"eum voluptas enim",84,11,"2023-07-03 20:13:47"
310,"quos numquam quia",91,11,"2023-07-03 20:13:47"
311,"ut dolore maxime",92,11,"2023-07-03 20:13:47"
312,"eos et saepe",99,11,"2023-07-03 20:13:47"
313,"sit quis fugiat",5,12,"2023-07-03 20:13:47"
314,"vitae cum qui",14,12,"2023-07-03 20:13:47"
315,"corrupti ut repellendus",17,12,"2023-07-03 20:13:47"
316,"atque minima fuga",18,12,"2023-07-03 20:13:47"
317,"aut molestias accusamus",21,12,"2023-07-03 20:13:47"
318,"saepe nihil quisquam",22,12,"2023-07-03 20:13:47"
319,"sed perferendis et",24,12,"2023-07-03 20:13:47"
320,"atque perferendis eius",32,12,"2023-07-03 20:13:47"
321,"reprehenderit nihil doloremque",36,12,"2023-07-03 20:13:47"
322,"voluptatem distinctio placeat",37,12,"2023-07-03 20:13:47"
323,"at aut ipsam",38,12,"2023-07-03 20:13:47"
324,"eos fugit asperiores",40,12,"2023-07-03 20:13:47"
325,"et consequatur ipsum",41,12,"2023-07-03 20:13:47"
326,"a animi aut",44,12,"2023-07-03 20:13:47"
327,"nihil incidunt culpa",54,12,"2023-07-03 20:13:47"
328,"non cum totam",57,12,"2023-07-03 20:13:47"
329,"iure minima sit",63,12,"2023-07-03 20:13:47"
330,"ut consequuntur quidem",66,12,"2023-07-03 20:13:47"
331,"quae est debitis",69,12,"2023-07-03 20:13:47"
332,"quidem reprehenderit excepturi",71,12,"2023-07-03 20:13:47"
333,"cum facilis incidunt",73,12,"2023-07-03 20:13:47"
334,"accusamus iste fuga",75,12,"2023-07-03 20:13:47"
335,"eligendi error beatae",76,12,"2023-07-03 20:13:47"
336,"reprehenderit dicta et",78,12,"2023-07-03 20:13:47"
337,"est quibusdam necessitatibus",91,12,"2023-07-03 20:13:47"
338,"vel laboriosam consectetur",98,12,"2023-07-03 20:13:47"
339,"sit provident quis",99,12,"2023-07-03 20:13:47"
340,"unde magnam est",2,13,"2023-07-03 20:13:47"
341,"repellendus iste eos",5,13,"2023-07-03 20:13:47"
342,"tempore debitis ad",9,13,"2023-07-03 20:13:47"
343,"sint in officia",10,13,"2023-07-03 20:13:47"
344,"deserunt libero dolor",12,13,"2023-07-03 20:13:47"
345,"vitae quia est",13,13,"2023-07-03 20:13:47"
346,"aliquid distinctio reprehenderit",14,13,"2023-07-03 20:13:47"
347,"et sapiente ullam",16,13,"2023-07-03 20:13:47"
348,"ab delectus nam",17,13,"2023-07-03 20:13:47"
349,"omnis quo dignissimos",21,13,"2023-07-03 20:13:47"
350,"perferendis possimus officiis",24,13,"2023-07-03 20:13:47"
351,"facere eum harum",28,13,"2023-07-03 20:13:47"
352,"officia atque ut",31,13,"2023-07-03 20:13:47"
353,"debitis a placeat",32,13,"2023-07-03 20:13:47"
354,"ut vel pariatur",35,13,"2023-07-03 20:13:47"
355,"fugit neque nesciunt",36,13,"2023-07-03 20:13:47"
356,"doloremque expedita et",39,13,"2023-07-03 20:13:47"
357,"illo rerum aliquam",41,13,"2023-07-03 20:13:47"
358,"earum ut eius",47,13,"2023-07-03 20:13:47"
359,"tempora unde veniam",50,13,"2023-07-03 20:13:47"
360,"ea dolore occaecati",52,13,"2023-07-03 20:13:47"
361,"suscipit vel excepturi",54,13,"2023-07-03 20:13:47"
362,"in debitis assumenda",57,13,"2023-07-03 20:13:47"
363,"libero consequatur ullam",60,13,"2023-07-03 20:13:47"
364,"iste et voluptatum",62,13,"2023-07-03 20:13:47"
365,"laudantium earum quia",65,13,"2023-07-03 20:13:47"
366,"voluptatibus natus ut",66,13,"2023-07-03 20:13:47"
367,"eos eum pariatur",70,13,"2023-07-03 20:13:47"
368,"velit est dignissimos",71,13,"2023-07-03 20:13:47"
369,"illo nisi voluptatibus",73,13,"2023-07-03 20:13:47"
370,"tenetur cum sapiente",75,13,"2023-07-03 20:13:47"
371,"excepturi autem aut",76,13,"2023-07-03 20:13:47"
372,"iure ducimus ea",79,13,"2023-07-03 20:13:47"
373,"est architecto corrupti",82,13,"2023-07-03 20:13:47"
374,"ullam et cum",91,13,"2023-07-03 20:13:47"
375,"impedit cumque exercitationem",93,13,"2023-07-03 20:13:47"
376,"aut vel minus",94,13,"2023-07-03 20:13:47"
377,"est assumenda et",98,13,"2023-07-03 20:13:47"
378,"minus consequatur doloremque",99,13,"2023-07-03 20:13:47"
379,"omnis esse necessitatibus",5,14,"2023-07-03 20:13:47"
380,"enim quia similique",14,14,"2023-07-03 20:13:47"
381,"aut tempora quos",15,14,"2023-07-03 20:13:47"
382,"consectetur dolorem voluptatem",21,14,"2023-07-03 20:13:47"
383,"officiis ut non",22,14,"2023-07-03 20:13:47"
384,"inventore aspernatur voluptatibus",24,14,"2023-07-03 20:13:47"
385,"sunt delectus iusto",30,14,"2023-07-03 20:13:47"
386,"quis earum sed",32,14,"2023-07-03 20:13:47"
387,"quis facere deleniti",35,14,"2023-07-03 20:13:47"
388,"voluptas culpa quod",36,14,"2023-07-03 20:13:47"
389,"quos facere maxime",41,14,"2023-07-03 20:13:47"
390,"optio culpa veritatis",46,14,"2023-07-03 20:13:47"
391,"animi dolorum soluta",52,14,"2023-07-03 20:13:47"
392,"sint veritatis ut",54,14,"2023-07-03 20:13:47"
393,"ratione non minima",57,14,"2023-07-03 20:13:47"
394,"dolorem nesciunt debitis",66,14,"2023-07-03 20:13:47"
395,"ut ea pariatur",69,14,"2023-07-03 20:13:47"
396,"esse earum et",71,14,"2023-07-03 20:13:47"
397,"quibusdam officia veniam",75,14,"2023-07-03 20:13:47"
398,"praesentium dolorum aspernatur",76,14,"2023-07-03 20:13:47"
399,"aliquid quos dolorem",87,14,"2023-07-03 20:13:47"
400,"libero tempora odio",91,14,"2023-07-03 20:13:47"
401,"minima quod nostrum",92,14,"2023-07-03 20:13:47"
402,"beatae repellendus voluptas",94,14,"2023-07-03 20:13:47"
403,"enim hic aut",98,14,"2023-07-03 20:13:47"
404,"enim beatae id",99,14,"2023-07-03 20:13:47"
405,"illo quibusdam a",100,14,"2023-07-03 20:13:47"
406,"et commodi dicta",4,15,"2023-07-03 20:13:47"
407,"quo molestiae nemo",5,15,"2023-07-03 20:13:47"
408,"labore delectus rerum",9,15,"2023-07-03 20:13:47"
409,"qui voluptates pariatur",13,15,"2023-07-03 20:13:47"
410,"expedita sunt rerum",14,15,"2023-07-03 20:13:47"
411,"et id qui",21,15,"2023-07-03 20:13:47"
412,"labore enim ut",22,15,"2023-07-03 20:13:47"
413,"labore voluptas ab",24,15,"2023-07-03 20:13:47"
414,"in quaerat facere",28,15,"2023-07-03 20:13:47"
415,"doloremque commodi rem",32,15,"2023-07-03 20:13:47"
416,"beatae assumenda in",35,15,"2023-07-03 20:13:47"
417,"qui occaecati occaecati",36,15,"2023-07-03 20:13:47"
418,"totam vero ut",37,15,"2023-07-03 20:13:47"
419,"optio ut explicabo",41,15,"2023-07-03 20:13:47"
420,"aut quia nostrum",44,15,"2023-07-03 20:13:47"
421,"culpa veniam quia",46,15,"2023-07-03 20:13:47"
422,"sit sint sapiente",52,15,"2023-07-03 20:13:47"
423,"ea voluptas aut",54,15,"2023-07-03 20:13:47"
424,"maxime quia porro",57,15,"2023-07-03 20:13:47"
425,"quas nobis aspernatur",63,15,"2023-07-03 20:13:47"
426,"et molestiae non",66,15,"2023-07-03 20:13:47"
427,"enim perferendis eum",71,15,"2023-07-03 20:13:47"
428,"animi dolor numquam",72,15,"2023-07-03 20:13:47"
429,"in veritatis cupiditate",75,15,"2023-07-03 20:13:47"
430,"et modi voluptatem",76,15,"2023-07-03 20:13:47"
431,"dolorem non fugiat",87,15,"2023-07-03 20:13:47"
432,"quam non sit",91,15,"2023-07-03 20:13:47"
433,"et illo facilis",96,15,"2023-07-03 20:13:47"
434,"ipsum maxime sapiente",5,16,"2023-07-03 20:13:47"
435,"nesciunt voluptas velit",11,16,"2023-07-03 20:13:47"
436,"rerum id debitis",14,16,"2023-07-03 20:13:47"
437,"accusamus ducimus sunt",18,16,"2023-07-03 20:13:47"
438,"ipsam tempore aut",21,16,"2023-07-03 20:13:47"
439,"esse quo eveniet",24,16,"2023-07-03 20:13:47"
440,"a tenetur rem",31,16,"2023-07-03 20:13:47"
441,"delectus alias vel",36,16,"2023-07-03 20:13:47"
442,"omnis pariatur doloremque",41,16,"2023-07-03 20:13:47"
443,"et ut nihil",42,16,"2023-07-03 20:13:47"
444,"nihil reiciendis laboriosam",54,16,"2023-07-03 20:13:47"
445,"et et nemo",57,16,"2023-07-03 20:13:47"
446,"nesciunt voluptatum est",62,16,"2023-07-03 20:13:47"
447,"unde in quos",63,16,"2023-07-03 20:13:47"
448,"ipsam distinctio quidem",66,16,"2023-07-03 20:13:47"
449,"quis autem dolore",70,16,"2023-07-03 20:13:47"
450,"dolore et quibusdam",71,16,"2023-07-03 20:13:47"
451,"est accusantium iste",73,16,"2023-07-03 20:13:47"
452,"dolore commodi animi",75,16,"2023-07-03 20:13:47"
453,"repellendus expedita velit",76,16,"2023-07-03 20:13:47"
454,"odio alias tenetur",82,16,"2023-07-03 20:13:47"
455,"illo corrupti debitis",91,16,"2023-07-03 20:13:47"
456,"eveniet odit repudiandae",5,17,"2023-07-03 20:13:47"
457,"ipsam et tempora",14,17,"2023-07-03 20:13:47"
458,"perspiciatis est facere",19,17,"2023-07-03 20:13:47"
459,"et hic magni",21,17,"2023-07-03 20:13:47"
460,"repellendus non aperiam",24,17,"2023-07-03 20:13:47"
461,"quia voluptatibus exercitationem",26,17,"2023-07-03 20:13:47"
462,"dolorem cumque qui",30,17,"2023-07-03 20:13:47"
463,"ea aut rerum",31,17,"2023-07-03 20:13:47"
464,"hic aut voluptates",33,17,"2023-07-03 20:13:47"
465,"unde accusamus sint",36,17,"2023-07-03 20:13:47"
466,"unde similique in",39,17,"2023-07-03 20:13:47"
467,"consequatur culpa ducimus",40,17,"2023-07-03 20:13:47"
468,"molestias voluptatem et",41,17,"2023-07-03 20:13:47"
469,"pariatur iusto beatae",54,17,"2023-07-03 20:13:47"
470,"voluptates qui saepe",57,17,"2023-07-03 20:13:47"
471,"autem aut tempore",66,17,"2023-07-03 20:13:47"
472,"et qui nulla",71,17,"2023-07-03 20:13:47"
473,"soluta recusandae nemo",75,17,"2023-07-03 20:13:47"
474,"optio praesentium id",76,17,"2023-07-03 20:13:47"
475,"est aut fuga",84,17,"2023-07-03 20:13:47"
476,"a velit blanditiis",87,17,"2023-07-03 20:13:47"
477,"laudantium temporibus quis",91,17,"2023-07-03 20:13:47"
478,"adipisci eos labore",96,17,"2023-07-03 20:13:47"
479,"deleniti corrupti illum",5,18,"2023-07-03 20:13:47"
480,"porro aut doloremque",14,18,"2023-07-03 20:13:47"
481,"nihil ut soluta",16,18,"2023-07-03 20:13:47"
482,"voluptatem quo quidem",18,18,"2023-07-03 20:13:47"
483,"quia repellendus qui",21,18,"2023-07-03 20:13:47"
484,"quaerat consectetur et",22,18,"2023-07-03 20:13:47"
485,"et illo illum",24,18,"2023-07-03 20:13:47"
486,"qui eveniet corporis",26,18,"2023-07-03 20:13:47"
487,"vero similique accusantium",30,18,"2023-07-03 20:13:47"
488,"quos itaque id",32,18,"2023-07-03 20:13:47"
489,"consectetur et vel",36,18,"2023-07-03 20:13:47"
490,"modi consequatur explicabo",41,18,"2023-07-03 20:13:47"
491,"veniam tenetur vel",43,18,"2023-07-03 20:13:47"
492,"autem fugiat illo",44,18,"2023-07-03 20:13:47"
493,"ut ducimus dicta",48,18,"2023-07-03 20:13:47"
494,"id ab ipsum",54,18,"2023-07-03 20:13:47"
495,"fugit aspernatur saepe",55,18,"2023-07-03 20:13:47"
496,"itaque dolorem autem",57,18,"2023-07-03 20:13:47"
497,"sapiente ea nemo",66,18,"2023-07-03 20:13:47"
498,"atque aliquid facere",71,18,"2023-07-03 20:13:47"
499,"eaque inventore doloribus",75,18,"2023-07-03 20:13:47"
500,"dolor est distinctio",76,18,"2023-07-03 20:13:47"
501,"consequatur expedita magni",82,18,"2023-07-03 20:13:47"
502,"optio ex alias",84,18,"2023-07-03 20:13:47"
503,"molestias alias reprehenderit",91,18,"2023-07-03 20:13:47"
504,"aperiam facilis fugiat",92,18,"2023-07-03 20:13:47"
505,"atque tempore beatae",97,18,"2023-07-03 20:13:47"
506,"culpa id ut",3,19,"2023-07-03 20:13:47"
507,"et aspernatur deleniti",5,19,"2023-07-03 20:13:47"
508,"vero fuga iure",11,19,"2023-07-03 20:13:47"
509,"illum quo quis",12,19,"2023-07-03 20:13:47"
510,"corporis ut corporis",14,19,"2023-07-03 20:13:47"
511,"magnam aut sit",17,19,"2023-07-03 20:13:47"
512,"dolores fugit nihil",18,19,"2023-07-03 20:13:47"
513,"ipsum aut rerum",19,19,"2023-07-03 20:13:47"
514,"vel laborum error",21,19,"2023-07-03 20:13:47"
515,"autem sit cumque",22,19,"2023-07-03 20:13:47"
516,"natus ut et",24,19,"2023-07-03 20:13:47"
517,"quia perferendis minus",26,19,"2023-07-03 20:13:47"
518,"architecto aliquid rerum",35,19,"2023-07-03 20:13:47"
519,"dignissimos nisi reiciendis",36,19,"2023-07-03 20:13:47"
520,"suscipit inventore eligendi",41,19,"2023-07-03 20:13:47"
521,"quia occaecati quis",47,19,"2023-07-03 20:13:47"
522,"perspiciatis ut molestiae",48,19,"2023-07-03 20:13:47"
523,"sint vitae atque",54,19,"2023-07-03 20:13:47"
524,"et ipsam vitae",56,19,"2023-07-03 20:13:47"
525,"et eum ipsam",57,19,"2023-07-03 20:13:47"
526,"vel et impedit",66,19,"2023-07-03 20:13:47"
527,"suscipit consequatur excepturi",67,19,"2023-07-03 20:13:47"
528,"perferendis dignissimos eligendi",70,19,"2023-07-03 20:13:47"
529,"illo nostrum quam",71,19,"2023-07-03 20:13:47"
530,"quae atque nobis",73,19,"2023-07-03 20:13:47"
531,"voluptatem id est",75,19,"2023-07-03 20:13:47"
532,"autem praesentium minus",76,19,"2023-07-03 20:13:47"
533,"quam temporibus eum",91,19,"2023-07-03 20:13:47"
534,"nesciunt saepe praesentium",93,19,"2023-07-03 20:13:47"
535,"doloribus occaecati laborum",95,19,"2023-07-03 20:13:47"
536,"dolorum qui odit",97,19,"2023-07-03 20:13:47"
537,"a doloribus architecto",98,19,"2023-07-03 20:13:47"
538,"ad nobis ipsum",99,19,"2023-07-03 20:13:47"
539,"laudantium provident qui",100,19,"2023-07-03 20:13:47"
540,"quod ipsam optio",2,20,"2023-07-03 20:13:47"
541,"consectetur suscipit dolores",5,20,"2023-07-03 20:13:47"
542,"consectetur natus provident",14,20,"2023-07-03 20:13:47"
543,"voluptatibus dolorem ab",17,20,"2023-07-03 20:13:47"
544,"laboriosam deserunt suscipit",21,20,"2023-07-03 20:13:47"
545,"voluptatibus aliquid mollitia",24,20,"2023-07-03 20:13:47"
546,"nostrum sed aliquid",36,20,"2023-07-03 20:13:47"
547,"nihil qui omnis",41,20,"2023-07-03 20:13:47"
548,"pariatur sunt est",43,20,"2023-07-03 20:13:47"
549,"aut aut eaque",52,20,"2023-07-03 20:13:47"
550,"qui sequi est",54,20,"2023-07-03 20:13:47"
551,"odit sed omnis",56,20,"2023-07-03 20:13:47"
552,"illo aut molestiae",57,20,"2023-07-03 20:13:47"
553,"eligendi voluptatem cupiditate",60,20,"2023-07-03 20:13:47"
554,"corrupti qui earum",66,20,"2023-07-03 20:13:47"
555,"veniam qui cupiditate",67,20,"2023-07-03 20:13:47"
556,"illum dolore est",71,20,"2023-07-03 20:13:47"
557,"et enim debitis",73,20,"2023-07-03 20:13:47"
558,"cum sed sit",75,20,"2023-07-03 20:13:47"
559,"tempore ut voluptas",76,20,"2023-07-03 20:13:47"
560,"vel fugit et",82,20,"2023-07-03 20:13:47"
561,"ab sit dignissimos",85,20,"2023-07-03 20:13:47"
562,"assumenda vel enim",91,20,"2023-07-03 20:13:47"
563,"consequatur consequatur reiciendis",96,20,"2023-07-03 20:13:47"
564,"distinctio quae fuga",97,20,"2023-07-03 20:13:47"
565,"aliquid magnam dicta",98,20,"2023-07-03 20:13:47"
566,"id in quaerat",3,21,"2023-07-03 20:13:47"
567,"neque quos pariatur",4,21,"2023-07-03 20:13:47"
568,"iusto enim excepturi",5,21,"2023-07-03 20:13:47"
569,"consequatur libero pariatur",6,21,"2023-07-03 20:13:47"
570,"ducimus non earum",8,21,"2023-07-03 20:13:47"
571,"omnis praesentium nihil",14,21,"2023-07-03 20:13:47"
572,"harum earum ut",17,21,"2023-07-03 20:13:47"
573,"sed cum repellat",18,21,"2023-07-03 20:13:47"
574,"esse adipisci praesentium",20,21,"2023-07-03 20:13:47"
575,"modi quae ut",21,21,"2023-07-03 20:13:47"
576,"incidunt et laudantium",24,21,"2023-07-03 20:13:47"
577,"sunt excepturi esse",27,21,"2023-07-03 20:13:47"
578,"qui a officiis",36,21,"2023-07-03 20:13:47"
579,"necessitatibus sunt cumque",39,21,"2023-07-03 20:13:47"
580,"est recusandae harum",41,21,"2023-07-03 20:13:47"
581,"exercitationem nam molestias",48,21,"2023-07-03 20:13:47"
582,"vitae corrupti et",54,21,"2023-07-03 20:13:47"
583,"debitis omnis dolor",57,21,"2023-07-03 20:13:47"
584,"dolor culpa inventore",65,21,"2023-07-03 20:13:47"
585,"omnis aut delectus",66,21,"2023-07-03 20:13:47"
586,"at accusantium et",70,21,"2023-07-03 20:13:47"
587,"alias deleniti sequi",71,21,"2023-07-03 20:13:47"
588,"ipsum aut et",75,21,"2023-07-03 20:13:47"
589,"aut ut et",76,21,"2023-07-03 20:13:47"
590,"saepe reprehenderit doloremque",79,21,"2023-07-03 20:13:47"
591,"placeat quo ab",87,21,"2023-07-03 20:13:47"
592,"vitae quia laudantium",91,21,"2023-07-03 20:13:47"
593,"cupiditate ratione earum",97,21,"2023-07-03 20:13:47"
594,"aut id reprehenderit",100,21,"2023-07-03 20:13:47"
595,"non deleniti exercitationem",5,22,"2023-07-03 20:13:47"
596,"nihil dolor suscipit",8,22,"2023-07-03 20:13:47"
597,"quisquam dolore blanditiis",12,22,"2023-07-03 20:13:47"
598,"accusamus et impedit",13,22,"2023-07-03 20:13:47"
599,"enim similique veniam",14,22,"2023-07-03 20:13:47"
600,"modi sint aliquam",16,22,"2023-07-03 20:13:47"
601,"dolores inventore dolores",20,22,"2023-07-03 20:13:47"
602,"quis ut hic",21,22,"2023-07-03 20:13:47"
603,"sit voluptatibus atque",24,22,"2023-07-03 20:13:47"
604,"aut et minima",26,22,"2023-07-03 20:13:47"
605,"sint doloremque corrupti",31,22,"2023-07-03 20:13:47"
606,"iure temporibus sed",36,22,"2023-07-03 20:13:47"
607,"blanditiis eum eum",38,22,"2023-07-03 20:13:47"
608,"illum non ab",40,22,"2023-07-03 20:13:47"
609,"consequatur veniam est",41,22,"2023-07-03 20:13:47"
610,"rerum adipisci et",43,22,"2023-07-03 20:13:47"
611,"placeat dolor esse",46,22,"2023-07-03 20:13:47"
612,"suscipit reprehenderit enim",52,22,"2023-07-03 20:13:47"
613,"sit voluptas sed",54,22,"2023-07-03 20:13:47"
614,"cum reprehenderit id",55,22,"2023-07-03 20:13:47"
615,"est enim ut",57,22,"2023-07-03 20:13:47"
616,"quam placeat esse",65,22,"2023-07-03 20:13:47"
617,"veritatis explicabo corrupti",66,22,"2023-07-03 20:13:47"
618,"et non facere",67,22,"2023-07-03 20:13:47"
619,"officia ut non",71,22,"2023-07-03 20:13:47"
620,"ut placeat omnis",72,22,"2023-07-03 20:13:47"
621,"sunt harum nemo",75,22,"2023-07-03 20:13:47"
622,"eligendi omnis nihil",76,22,"2023-07-03 20:13:47"
623,"omnis voluptatem aliquid",79,22,"2023-07-03 20:13:47"
624,"tempora ut cumque",82,22,"2023-07-03 20:13:47"
625,"dolores omnis quae",91,22,"2023-07-03 20:13:47"
626,"dolore tempore aperiam",94,22,"2023-07-03 20:13:47"
627,"possimus fuga eveniet",97,22,"2023-07-03 20:13:47"
628,"ut consequuntur nemo",99,22,"2023-07-03 20:13:47"
629,"eligendi maiores et",2,23,"2023-07-03 20:13:47"
630,"in aut voluptatem",5,23,"2023-07-03 20:13:47"
631,"tenetur vel repudiandae",10,23,"2023-07-03 20:13:47"
632,"sapiente unde sapiente",14,23,"2023-07-03 20:13:47"
633,"cumque optio et",16,23,"2023-07-03 20:13:47"
634,"accusantium rerum aut",21,23,"2023-07-03 20:13:47"
635,"laboriosam quae ea",22,23,"2023-07-03 20:13:47"
636,"molestias corporis qui",24,23,"2023-07-03 20:13:47"
637,"dolorem ut sint",28,23,"2023-07-03 20:13:47"
638,"ea eligendi voluptatem",31,23,"2023-07-03 20:13:47"
639,"ut sequi asperiores",36,23,"2023-07-03 20:13:47"
640,"sint nihil aut",38,23,"2023-07-03 20:13:47"
641,"dicta fuga molestiae",41,23,"2023-07-03 20:13:47"
642,"est hic est",42,23,"2023-07-03 20:13:47"
643,"et dignissimos ratione",54,23,"2023-07-03 20:13:47"
644,"neque aut odio",57,23,"2023-07-03 20:13:47"
645,"beatae et et",66,23,"2023-07-03 20:13:47"
646,"reiciendis ad ducimus",70,23,"2023-07-03 20:13:47"
647,"laboriosam aliquid tenetur",71,23,"2023-07-03 20:13:47"
648,"quam et eum",73,23,"2023-07-03 20:13:47"
649,"ullam et molestiae",75,23,"2023-07-03 20:13:47"
650,"suscipit beatae quod",76,23,"2023-07-03 20:13:47"
651,"in earum ea",78,23,"2023-07-03 20:13:47"
652,"similique enim ut",82,23,"2023-07-03 20:13:47"
653,"aut fugiat voluptas",91,23,"2023-07-03 20:13:47"
654,"aperiam praesentium et",93,23,"2023-07-03 20:13:47"
655,"aut ea consectetur",5,24,"2023-07-03 20:13:47"
656,"animi qui unde",9,24,"2023-07-03 20:13:47"
657,"suscipit laborum omnis",10,24,"2023-07-03 20:13:47"
658,"aliquam omnis a",14,24,"2023-07-03 20:13:47"
659,"ut laudantium sint",15,24,"2023-07-03 20:13:47"
660,"occaecati quas odit",17,24,"2023-07-03 20:13:47"
661,"corrupti officia molestias",20,24,"2023-07-03 20:13:47"
662,"autem laudantium nisi",21,24,"2023-07-03 20:13:47"
663,"eos inventore sit",24,24,"2023-07-03 20:13:47"
664,"aspernatur voluptatum et",27,24,"2023-07-03 20:13:47"
665,"pariatur dolor voluptas",28,24,"2023-07-03 20:13:47"
666,"est culpa at",36,24,"2023-07-03 20:13:47"
667,"labore enim vitae",41,24,"2023-07-03 20:13:47"
668,"sit corrupti asperiores",43,24,"2023-07-03 20:13:47"
669,"vel quo vitae",47,24,"2023-07-03 20:13:47"
670,"nulla quia tempora",50,24,"2023-07-03 20:13:47"
671,"reiciendis et error",54,24,"2023-07-03 20:13:47"
672,"eos nisi enim",57,24,"2023-07-03 20:13:47"
673,"deleniti nulla veritatis",60,24,"2023-07-03 20:13:47"
674,"nesciunt commodi eos",66,24,"2023-07-03 20:13:47"
675,"numquam fugiat voluptate",67,24,"2023-07-03 20:13:47"
676,"quis ullam itaque",71,24,"2023-07-03 20:13:47"
677,"aliquam quia dolores",75,24,"2023-07-03 20:13:47"
678,"quia et quibusdam",76,24,"2023-07-03 20:13:47"
679,"architecto atque sapiente",91,24,"2023-07-03 20:13:47"
680,"esse iste architecto",95,24,"2023-07-03 20:13:47"
681,"et et et",4,25,"2023-07-03 20:13:47"
682,"laudantium et hic",5,25,"2023-07-03 20:13:47"
683,"quibusdam dolore quas",6,25,"2023-07-03 20:13:47"
684,"reiciendis dolores laudantium",9,25,"2023-07-03 20:13:47"
685,"dolor illum veritatis",13,25,"2023-07-03 20:13:47"
686,"qui tempora totam",14,25,"2023-07-03 20:13:47"
687,"eveniet inventore itaque",21,25,"2023-07-03 20:13:47"
688,"officia explicabo amet",24,25,"2023-07-03 20:13:47"
689,"est doloribus asperiores",28,25,"2023-07-03 20:13:47"
690,"vel assumenda voluptas",36,25,"2023-07-03 20:13:47"
691,"commodi recusandae et",39,25,"2023-07-03 20:13:47"
692,"fugit aut amet",41,25,"2023-07-03 20:13:47"
693,"aut et consequatur",46,25,"2023-07-03 20:13:47"
694,"blanditiis voluptatem incidunt",48,25,"2023-07-03 20:13:47"
695,"exercitationem saepe atque",50,25,"2023-07-03 20:13:47"
696,"in quam vitae",52,25,"2023-07-03 20:13:47"
697,"alias et qui",54,25,"2023-07-03 20:13:47"
698,"consequatur facilis unde",55,25,"2023-07-03 20:13:47"
699,"voluptas voluptatem ab",57,25,"2023-07-03 20:13:47"
700,"sit nesciunt minima",66,25,"2023-07-03 20:13:47"
701,"libero pariatur dolorum",67,25,"2023-07-03 20:13:47"
702,"minima fugit ab",71,25,"2023-07-03 20:13:47"
703,"atque non dolores",72,25,"2023-07-03 20:13:47"
704,"fugiat repudiandae adipisci",75,25,"2023-07-03 20:13:47"
705,"ut architecto est",76,25,"2023-07-03 20:13:47"
706,"quibusdam aut quisquam",78,25,"2023-07-03 20:13:47"
707,"assumenda rerum ea",79,25,"2023-07-03 20:13:47"
708,"id qui quo",84,25,"2023-07-03 20:13:47"
709,"quidem consectetur illum",85,25,"2023-07-03 20:13:47"
710,"necessitatibus aperiam voluptas",91,25,"2023-07-03 20:13:47"
711,"dolor amet qui",96,25,"2023-07-03 20:13:47"
712,"similique similique fuga",97,25,"2023-07-03 20:13:47"
713,"aut quia similique",98,25,"2023-07-03 20:13:47"
714,"voluptas ducimus consequatur",5,26,"2023-07-03 20:13:47"
715,"voluptatem non sit",8,26,"2023-07-03 20:13:47"
716,"quidem officia aliquid",11,26,"2023-07-03 20:13:47"
717,"aut fuga et",13,26,"2023-07-03 20:13:47"
718,"est velit molestiae",14,26,"2023-07-03 20:13:47"
719,"ipsum accusamus dolorem",15,26,"2023-07-03 20:13:47"
720,"eveniet nulla minus",17,26,"2023-07-03 20:13:47"
721,"debitis accusantium laboriosam",18,26,"2023-07-03 20:13:47"
722,"temporibus ea porro",20,26,"2023-07-03 20:13:47"
723,"vel sed omnis",21,26,"2023-07-03 20:13:47"
724,"molestiae ea soluta",24,26,"2023-07-03 20:13:47"
725,"pariatur ut quia",27,26,"2023-07-03 20:13:47"
726,"cupiditate enim non",30,26,"2023-07-03 20:13:47"
727,"ab pariatur ut",33,26,"2023-07-03 20:13:47"
728,"et voluptatibus est",35,26,"2023-07-03 20:13:47"
729,"rerum corporis sapiente",36,26,"2023-07-03 20:13:47"
730,"earum et dolorum",39,26,"2023-07-03 20:13:47"
731,"et neque adipisci",41,26,"2023-07-03 20:13:47"
732,"voluptas est ea",54,26,"2023-07-03 20:13:47"
733,"id dignissimos dolor",55,26,"2023-07-03 20:13:47"
734,"accusantium ab maxime",57,26,"2023-07-03 20:13:47"
735,"unde quam laudantium",66,26,"2023-07-03 20:13:47"
736,"omnis quod sit",70,26,"2023-07-03 20:13:47"
737,"deserunt ea tenetur",71,26,"2023-07-03 20:13:47"
738,"ut quam doloremque",75,26,"2023-07-03 20:13:47"
739,"non quod vero",76,26,"2023-07-03 20:13:47"
740,"porro illo reprehenderit",78,26,"2023-07-03 20:13:47"
741,"ea et sapiente",82,26,"2023-07-03 20:13:47"
742,"et beatae iusto",87,26,"2023-07-03 20:13:47"
743,"dolorem reiciendis repellendus",91,26,"2023-07-03 20:13:47"
744,"enim harum veniam",98,26,"2023-07-03 20:13:47"
745,"voluptatem veniam nam",99,26,"2023-07-03 20:13:47"
746,"aspernatur consectetur ea",100,26,"2023-07-03 20:13:47"
747,"et odit quidem",3,27,"2023-07-03 20:13:47"
748,"labore et saepe",4,27,"2023-07-03 20:13:47"
749,"est et dolores",5,27,"2023-07-03 20:13:47"
750,"occaecati cupiditate dolore",10,27,"2023-07-03 20:13:47"
751,"placeat aut amet",14,27,"2023-07-03 20:13:47"
752,"asperiores doloribus odit",18,27,"2023-07-03 20:13:47"
753,"quaerat ad rerum",20,27,"2023-07-03 20:13:47"
754,"ut ipsam quisquam",21,27,"2023-07-03 20:13:47"
755,"voluptatem sed quas",24,27,"2023-07-03 20:13:47"
756,"temporibus sunt atque",31,27,"2023-07-03 20:13:47"
757,"officiis in consequatur",36,27,"2023-07-03 20:13:47"
758,"tempora ex blanditiis",41,27,"2023-07-03 20:13:47"
759,"non ut in",42,27,"2023-07-03 20:13:47"
760,"omnis qui voluptate",54,27,"2023-07-03 20:13:47"
761,"quia consequuntur nostrum",57,27,"2023-07-03 20:13:47"
762,"et suscipit veritatis",66,27,"2023-07-03 20:13:47"
763,"maiores rerum ut",69,27,"2023-07-03 20:13:47"
764,"quasi et vel",71,27,"2023-07-03 20:13:47"
765,"aliquid ut totam",72,27,"2023-07-03 20:13:47"
766,"aspernatur et illo",75,27,"2023-07-03 20:13:47"
767,"necessitatibus facere autem",76,27,"2023-07-03 20:13:47"
768,"earum dolores optio",78,27,"2023-07-03 20:13:47"
769,"facilis id eligendi",84,27,"2023-07-03 20:13:47"
770,"et consequatur ea",91,27,"2023-07-03 20:13:47"
771,"facilis culpa voluptatibus",93,27,"2023-07-03 20:13:47"
772,"earum ratione perspiciatis",97,27,"2023-07-03 20:13:47"
773,"vel autem officiis",98,27,"2023-07-03 20:13:47"
774,"doloremque voluptatem omnis",5,28,"2023-07-03 20:13:47"
775,"mollitia perspiciatis et",13,28,"2023-07-03 20:13:47"
776,"maiores placeat autem",14,28,"2023-07-03 20:13:47"
777,"eos sit quidem",15,28,"2023-07-03 20:13:47"
778,"dolorum dignissimos quia",21,28,"2023-07-03 20:13:47"
779,"quam alias sed",24,28,"2023-07-03 20:13:47"
780,"et qui dolores",28,28,"2023-07-03 20:13:47"
781,"ex dolorum sequi",30,28,"2023-07-03 20:13:47"
782,"aut vel dolores",32,28,"2023-07-03 20:13:47"
783,"quos soluta est",35,28,"2023-07-03 20:13:47"
784,"aspernatur et quia",36,28,"2023-07-03 20:13:47"
785,"accusantium nesciunt dolores",41,28,"2023-07-03 20:13:47"
786,"unde velit dolor",47,28,"2023-07-03 20:13:47"
787,"soluta maxime expedita",50,28,"2023-07-03 20:13:47"
788,"aperiam optio possimus",54,28,"2023-07-03 20:13:47"
789,"nostrum earum quisquam",57,28,"2023-07-03 20:13:47"
790,"optio quibusdam et",60,28,"2023-07-03 20:13:47"
791,"in deserunt asperiores",61,28,"2023-07-03 20:13:47"
792,"voluptatem est tempore",63,28,"2023-07-03 20:13:47"
793,"omnis velit id",66,28,"2023-07-03 20:13:47"
794,"molestiae laudantium ratione",67,28,"2023-07-03 20:13:47"
795,"debitis aliquid aperiam",71,28,"2023-07-03 20:13:47"
796,"iusto ut labore",75,28,"2023-07-03 20:13:47"
797,"reiciendis rem sit",76,28,"2023-07-03 20:13:47"
798,"ratione voluptas beatae",78,28,"2023-07-03 20:13:47"
799,"quam et culpa",91,28,"2023-07-03 20:13:47"
800,"laboriosam rerum occaecati",92,28,"2023-07-03 20:13:47"
801,"tenetur occaecati consequatur",97,28,"2023-07-03 20:13:47"
802,"sint quod rerum",98,28,"2023-07-03 20:13:47"
803,"iure quasi sunt",100,28,"2023-07-03 20:13:47"
804,"laboriosam nihil expedita",3,29,"2023-07-03 20:13:47"
805,"maiores ipsum voluptas",4,29,"2023-07-03 20:13:47"
806,"corrupti repellat sunt",5,29,"2023-07-03 20:13:47"
807,"delectus illum tempora",6,29,"2023-07-03 20:13:47"
808,"suscipit accusantium qui",9,29,"2023-07-03 20:13:47"
809,"corporis corporis repudiandae",10,29,"2023-07-03 20:13:47"
810,"fugiat aut neque",12,29,"2023-07-03 20:13:47"
811,"sint omnis iste",14,29,"2023-07-03 20:13:47"
812,"eligendi a pariatur",15,29,"2023-07-03 20:13:47"
813,"itaque veritatis quod",16,29,"2023-07-03 20:13:47"
814,"animi illo eos",20,29,"2023-07-03 20:13:47"
815,"eum dolorem molestias",21,29,"2023-07-03 20:13:47"
816,"facilis sequi voluptatem",22,29,"2023-07-03 20:13:47"
817,"porro magni cum",24,29,"2023-07-03 20:13:47"
818,"doloribus ab consequatur",27,29,"2023-07-03 20:13:47"
819,"et in voluptatem",28,29,"2023-07-03 20:13:47"
820,"repellendus voluptatem accusamus",31,29,"2023-07-03 20:13:47"
821,"nesciunt rerum dicta",33,29,"2023-07-03 20:13:47"
822,"quos vel dolor",36,29,"2023-07-03 20:13:47"
823,"saepe quas sint",37,29,"2023-07-03 20:13:47"
824,"quaerat ratione voluptas",39,29,"2023-07-03 20:13:47"
825,"iure quaerat repudiandae",40,29,"2023-07-03 20:13:47"
826,"soluta iusto quas",41,29,"2023-07-03 20:13:47"
827,"veritatis ullam pariatur",54,29,"2023-07-03 20:13:47"
828,"corrupti at repudiandae",57,29,"2023-07-03 20:13:47"
829,"nostrum quibusdam iusto",63,29,"2023-07-03 20:13:47"
830,"libero nulla quia",66,29,"2023-07-03 20:13:47"
831,"veniam et molestiae",71,29,"2023-07-03 20:13:47"
832,"veritatis porro fugiat",72,29,"2023-07-03 20:13:47"
833,"pariatur at optio",73,29,"2023-07-03 20:13:47"
834,"quia dolores ad",75,29,"2023-07-03 20:13:47"
835,"quis sit blanditiis",76,29,"2023-07-03 20:13:47"
836,"libero sint quo",91,29,"2023-07-03 20:13:47"
837,"deserunt voluptates non",94,29,"2023-07-03 20:13:47"
838,"iste perferendis quis",95,29,"2023-07-03 20:13:47"
839,"sunt sed in",98,29,"2023-07-03 20:13:47"
840,"est esse voluptates",5,30,"2023-07-03 20:13:47"
841,"iure dicta aliquid",14,30,"2023-07-03 20:13:47"
842,"ut et dolores",17,30,"2023-07-03 20:13:47"
843,"placeat velit autem",20,30,"2023-07-03 20:13:47"
844,"voluptas ab ut",21,30,"2023-07-03 20:13:47"
845,"veritatis vitae in",22,30,"2023-07-03 20:13:47"
846,"nostrum quo id",24,30,"2023-07-03 20:13:47"
847,"qui quidem est",28,30,"2023-07-03 20:13:47"
848,"minima ex voluptatem",33,30,"2023-07-03 20:13:47"
849,"voluptatem placeat magnam",36,30,"2023-07-03 20:13:47"
850,"animi modi in",39,30,"2023-07-03 20:13:47"
851,"aperiam ullam dolorum",40,30,"2023-07-03 20:13:47"
852,"ad ut et",41,30,"2023-07-03 20:13:47"
853,"ut laboriosam tenetur",43,30,"2023-07-03 20:13:47"
854,"expedita dolor iusto",44,30,"2023-07-03 20:13:47"
855,"enim quas consequatur",54,30,"2023-07-03 20:13:47"
856,"in harum eum",56,30,"2023-07-03 20:13:47"
857,"qui iusto deserunt",57,30,"2023-07-03 20:13:47"
858,"iste dolore voluptatem",66,30,"2023-07-03 20:13:47"
859,"ratione temporibus est",71,30,"2023-07-03 20:13:47"
860,"corrupti quo quisquam",72,30,"2023-07-03 20:13:47"
861,"magni et fugit",75,30,"2023-07-03 20:13:47"
862,"totam voluptate nobis",76,30,"2023-07-03 20:13:47"
863,"autem doloribus architecto",78,30,"2023-07-03 20:13:47"
864,"commodi adipisci nihil",79,30,"2023-07-03 20:13:47"
865,"animi quod incidunt",82,30,"2023-07-03 20:13:47"
866,"eos voluptas aliquid",91,30,"2023-07-03 20:13:47"
867,"voluptas recusandae voluptatem",92,30,"2023-07-03 20:13:47"
868,"et voluptatibus quidem",96,30,"2023-07-03 20:13:47"
869,"est sunt perferendis",100,30,"2023-07-03 20:13:47"
870,"vel consectetur consequatur",5,31,"2023-07-03 20:13:47"
871,"est alias nostrum",8,31,"2023-07-03 20:13:47"
872,"corporis ut odit",12,31,"2023-07-03 20:13:47"
873,"voluptate est iusto",14,31,"2023-07-03 20:13:47"
874,"et ullam dolor",15,31,"2023-07-03 20:13:47"
875,"tenetur rerum cumque",17,31,"2023-07-03 20:13:47"
876,"non quaerat et",21,31,"2023-07-03 20:13:47"
877,"odio aut quia",22,31,"2023-07-03 20:13:47"
878,"quam in aut",24,31,"2023-07-03 20:13:47"
879,"quisquam dicta autem",32,31,"2023-07-03 20:13:47"
880,"aut qui odio",35,31,"2023-07-03 20:13:47"
881,"sit similique hic",36,31,"2023-07-03 20:13:47"
882,"est illum nisi",37,31,"2023-07-03 20:13:47"
883,"omnis rerum consequatur",40,31,"2023-07-03 20:13:47"
884,"neque tempore iure",41,31,"2023-07-03 20:13:47"
885,"minima natus nemo",46,31,"2023-07-03 20:13:47"
886,"corporis illo ex",47,31,"2023-07-03 20:13:47"
887,"sapiente ipsum ipsam",54,31,"2023-07-03 20:13:47"
888,"fugiat quia optio",57,31,"2023-07-03 20:13:47"
889,"maxime debitis sapiente",60,31,"2023-07-03 20:13:47"
890,"quae quam aspernatur",62,31,"2023-07-03 20:13:47"
891,"ullam et ut",66,31,"2023-07-03 20:13:47"
892,"accusamus voluptas dolor",69,31,"2023-07-03 20:13:47"
893,"praesentium dolorem ut",70,31,"2023-07-03 20:13:47"
894,"nulla quasi autem",71,31,"2023-07-03 20:13:47"
895,"dicta esse quia",72,31,"2023-07-03 20:13:47"
896,"nemo perspiciatis quibusdam",75,31,"2023-07-03 20:13:47"
897,"ut repudiandae dolorum",76,31,"2023-07-03 20:13:47"
898,"dolore nihil est",82,31,"2023-07-03 20:13:47"
899,"a ratione nihil",87,31,"2023-07-03 20:13:47"
900,"voluptatem tempora labore",91,31,"2023-07-03 20:13:47"
901,"cumque quas molestias",96,31,"2023-07-03 20:13:47"
902,"quod voluptatibus saepe",99,31,"2023-07-03 20:13:47"
903,"non esse sit",100,31,"2023-07-03 20:13:47"
904,"impedit quasi ut",5,32,"2023-07-03 20:13:47"
905,"et error quaerat",8,32,"2023-07-03 20:13:47"
906,"dolores consectetur eveniet",12,32,"2023-07-03 20:13:47"
907,"quos quis nostrum",14,32,"2023-07-03 20:13:47"
908,"officiis eos qui",21,32,"2023-07-03 20:13:47"
909,"rerum delectus recusandae",22,32,"2023-07-03 20:13:47"
910,"molestiae a itaque",24,32,"2023-07-03 20:13:47"
911,"eum pariatur dolor",28,32,"2023-07-03 20:13:47"
912,"autem maxime et",36,32,"2023-07-03 20:13:47"
913,"excepturi quasi et",40,32,"2023-07-03 20:13:47"
914,"fuga iste officiis",41,32,"2023-07-03 20:13:47"
915,"et quae vel",50,32,"2023-07-03 20:13:47"
916,"quisquam omnis in",54,32,"2023-07-03 20:13:47"
917,"nesciunt reprehenderit sit",57,32,"2023-07-03 20:13:47"
918,"quis ipsam eos",60,32,"2023-07-03 20:13:47"
919,"amet veritatis perspiciatis",62,32,"2023-07-03 20:13:47"
920,"omnis aliquid officiis",66,32,"2023-07-03 20:13:47"
921,"voluptas porro voluptatem",71,32,"2023-07-03 20:13:47"
922,"quibusdam sit officia",75,32,"2023-07-03 20:13:47"
923,"nulla repudiandae eum",76,32,"2023-07-03 20:13:47"
924,"amet distinctio aut",78,32,"2023-07-03 20:13:47"
925,"iusto nostrum et",79,32,"2023-07-03 20:13:47"
926,"optio voluptatem voluptas",82,32,"2023-07-03 20:13:47"
927,"et magnam aut",91,32,"2023-07-03 20:13:47"
928,"amet iste ut",92,32,"2023-07-03 20:13:47"
929,"non ipsam eos",97,32,"2023-07-03 20:13:47"
930,"beatae tempore sed",4,33,"2023-07-03 20:13:47"
931,"rem rerum et",5,33,"2023-07-03 20:13:47"
932,"architecto aut optio",14,33,"2023-07-03 20:13:47"
933,"quo sint dolores",15,33,"2023-07-03 20:13:47"
934,"sunt voluptatibus non",20,33,"2023-07-03 20:13:47"
935,"eum aliquid illo",21,33,"2023-07-03 20:13:47"
936,"quibusdam id est",24,33,"2023-07-03 20:13:47"
937,"fugiat totam eligendi",26,33,"2023-07-03 20:13:47"
938,"voluptas reiciendis amet",28,33,"2023-07-03 20:13:47"
939,"id nostrum libero",36,33,"2023-07-03 20:13:47"
940,"velit iusto dolorum",37,33,"2023-07-03 20:13:47"
941,"dolor minima non",41,33,"2023-07-03 20:13:47"
942,"eos reiciendis id",43,33,"2023-07-03 20:13:47"
943,"magnam recusandae quia",50,33,"2023-07-03 20:13:47"
944,"placeat tempora voluptates",54,33,"2023-07-03 20:13:47"
945,"ut asperiores occaecati",55,33,"2023-07-03 20:13:47"
946,"est adipisci dolores",57,33,"2023-07-03 20:13:47"
947,"exercitationem odit enim",60,33,"2023-07-03 20:13:47"
948,"est quidem tenetur",65,33,"2023-07-03 20:13:47"
949,"distinctio fugit adipisci",66,33,"2023-07-03 20:13:47"
950,"omnis officia atque",69,33,"2023-07-03 20:13:47"
951,"fugiat sequi similique",71,33,"2023-07-03 20:13:47"
952,"repudiandae voluptates quam",75,33,"2023-07-03 20:13:47"
953,"provident aspernatur qui",76,33,"2023-07-03 20:13:47"
954,"similique dolor doloribus",78,33,"2023-07-03 20:13:47"
955,"distinctio dolor ut",84,33,"2023-07-03 20:13:47"
956,"laboriosam ut quam",85,33,"2023-07-03 20:13:47"
957,"qui molestiae saepe",87,33,"2023-07-03 20:13:47"
958,"hic animi incidunt",91,33,"2023-07-03 20:13:47"
959,"non accusamus aliquid",94,33,"2023-07-03 20:13:47"
960,"necessitatibus et repudiandae",96,33,"2023-07-03 20:13:47"
961,"rerum a quia",99,33,"2023-07-03 20:13:47"
962,"a et sed",100,33,"2023-07-03 20:13:47"
963,"et et voluptatem",5,34,"2023-07-03 20:13:47"
964,"iusto quidem voluptas",6,34,"2023-07-03 20:13:47"
965,"pariatur eos sint",8,34,"2023-07-03 20:13:47"
966,"facilis recusandae aut",14,34,"2023-07-03 20:13:47"
967,"sunt veniam eveniet",17,34,"2023-07-03 20:13:47"
968,"at labore doloribus",21,34,"2023-07-03 20:13:47"
969,"fuga iusto aspernatur",24,34,"2023-07-03 20:13:47"
970,"dignissimos omnis omnis",36,34,"2023-07-03 20:13:47"
971,"sunt distinctio repellendus",39,34,"2023-07-03 20:13:47"
972,"quos iusto ut",41,34,"2023-07-03 20:13:47"
973,"et consectetur velit",54,34,"2023-07-03 20:13:47"
974,"est quaerat molestias",55,34,"2023-07-03 20:13:47"
975,"commodi reprehenderit voluptatum",57,34,"2023-07-03 20:13:47"
976,"qui natus non",65,34,"2023-07-03 20:13:47"
977,"assumenda qui adipisci",66,34,"2023-07-03 20:13:47"
978,"quibusdam culpa voluptatem",67,34,"2023-07-03 20:13:47"
979,"accusamus et voluptatem",71,34,"2023-07-03 20:13:47"
980,"cum iure iste",75,34,"2023-07-03 20:13:47"
981,"minima non vitae",76,34,"2023-07-03 20:13:47"
982,"sed fugiat deleniti",85,34,"2023-07-03 20:13:47"
983,"autem quo et",91,34,"2023-07-03 20:13:47"
984,"consequuntur autem accusantium",93,34,"2023-07-03 20:13:47"
985,"et soluta aliquam",97,34,"2023-07-03 20:13:47"
986,"possimus doloremque fuga",98,34,"2023-07-03 20:13:47"
987,"non tenetur quod",100,34,"2023-07-03 20:13:47"
988,"omnis temporibus pariatur",5,35,"2023-07-03 20:13:47"
989,"ipsa ut provident",8,35,"2023-07-03 20:13:47"
990,"quis nulla ullam",12,35,"2023-07-03 20:13:47"
991,"consequuntur aut veritatis",14,35,"2023-07-03 20:13:47"
992,"nisi eaque dolores",15,35,"2023-07-03 20:13:47"
993,"est ullam suscipit",16,35,"2023-07-03 20:13:47"
994,"aliquid sapiente ut",19,35,"2023-07-03 20:13:47"
995,"placeat aspernatur saepe",21,35,"2023-07-03 20:13:47"
996,"recusandae magnam ut",24,35,"2023-07-03 20:13:47"
997,"incidunt qui blanditiis",27,35,"2023-07-03 20:13:47"
998,"dolorem dolor sed",30,35,"2023-07-03 20:13:47"
999,"dicta aut non",32,35,"2023-07-03 20:13:47"
1000,"mollitia et praesentium",36,35,"2023-07-03 20:13:47"
